name,location_id,qu_id_stock,product_group_id,min_stock_amount,default_best_before_days,description
Рис белый,4,1,1,3,1095,Основа рациона срок хранения 3 года в обычных условиях
Гречка,4,1,1,1,730,Срок хранения 2 года
Овсянка,4,1,1,1,730,Овсяные хлопья
Макароны,1,1,1,2,1095,Срок хранения 2-3 года
Мука пшеничная,5,1,9,1,365,Срок хранения 6-12 месяцев требует ротации
Фасоль белая,6,1,2,1,3650,Срок хранения 10+ лет в сухом месте
Фасоль красная,6,1,2,0.5,3650,Срок хранения 10+ лет
Чечевица,6,1,2,0.5,3650,Срок хранения 10+ лет
Горох колотый,6,1,2,0.5,3650,Срок хранения 10+ лет
Нут,6,1,2,0.5,3650,Срок хранения 10+ лет
Консервы мясные тушенка,2,7,3,5,1825,Срок хранения 3-5 лет
Консервы мясные говядина,2,7,3,3,1825,Срок хранения 3-5 лет
Консервы мясные свинина,2,7,3,3,1825,Срок хранения 3-5 лет
Консервы рыбные сардины,2,7,4,5,1095,Срок хранения 2-3 года
Консервы рыбные скумбрия,2,7,4,5,1095,Срок хранения 2-3 года
Консервы рыбные тунец,2,7,4,3,1095,Срок хранения 2-3 года
Консервы овощные кукуруза,3,7,5,3,1095,Срок хранения 2-3 года
Консервы овощные горошек,3,7,5,3,1095,Срок хранения 2-3 года
Консервы овощные томаты,3,7,5,3,1095,Срок хранения 2-3 года
Консервы фруктовые персики,3,7,6,2,730,Срок хранения 1-2 года
Консервы фруктовые ананасы,3,7,6,2,730,Срок хранения 1-2 года
Томатная паста,3,7,5,2,730,В тубах или банках
Масло подсолнечное,1,2,7,0.5,730,Срок хранения 1-2 года хранить в темноте
Масло оливковое,1,2,7,0.3,730,Срок хранения 1-2 года хранить в темноте
Сахар белый,5,1,8,2,0,Не портится при сухом хранении
Соль поваренная,5,1,8,0.5,0,Не портится
Мед натуральный,1,1,8,1,0,Практически не портится
Сухое молоко,1,1,12,0.5,1095,Срок хранения 2-3 года в закрытой упаковке
Чай черный,1,6,10,0.2,730,Срок хранения 1-2 года
Чай зеленый,1,6,10,0.1,730,Срок хранения 1-2 года
Кофе молотый,1,6,10,0.3,365,Срок хранения 6-12 месяцев
Кофе растворимый,1,6,10,0.2,730,Срок хранения 1-2 года
Какао порошок,1,6,10,0.2,730,Для детей и разнообразия
Соль морская,1,6,11,0.2,0,Для разнообразия
Перец черный молотый,1,6,11,0.1,730,Базовая специя
Перец черный горошком,1,6,11,0.05,1095,Дольше сохраняет аромат
Лавровый лист,1,6,11,0.02,730,Для консервирования и готовки
Паприка молотая,1,6,11,0.1,730,Специя
Чеснок сушеный,1,6,11,0.05,730,Альтернатива свежему
Уксус 9%,1,8,11,0.5,0,Для консервирования и готовки
Сода пищевая,1,6,11,0.5,0,Выпечка и очистка многофункциональна
Лимонная кислота,1,6,11,0.2,0,Консервирование и очистка
Дрожжи сухие,1,6,9,0.1,730,Для выпечки
Разрыхлитель теста,1,6,9,0.1,730,Для выпечки
Вода питьевая 5л,1,8,13,10,365,Базовая необходимость 3л на человека в день
Сухофрукты изюм,1,6,12,0.3,365,Витамины и быстрая энергия
Сухофрукты курага,1,6,12,0.3,365,Витамины
Сухофрукты чернослив,1,6,12,0.3,365,Витамины и для пищеварения
Орехи грецкие,1,1,12,0.5,365,Жиры и белок но быстро прогоркают
Орехи арахис,1,1,12,0.5,365,Белок доступен по цене
