id,name,description
1,Крупы и макароны,Рис гречка овсянка макароны
2,Бобовые,Фасоль чечевица горох нут
3,Консервы мясные,Тушенка и мясные консервы
4,Консервы рыбные,Рыбные консервы
5,Консервы овощные,Овощные консервы
6,Консервы фруктовые,Фруктовые консервы и компоты
7,Масло и жиры,Растительное масло топленое масло
8,Сахар и соль,Базовые продукты
9,Мука и выпечка,Мука разрыхлители дрожжи
10,Напитки,Чай кофе какао
11,Специи и приправы,Специи приправы соусы
12,Сухие продукты,Сухое молоко сухофрукты орехи
13,Вода,Питьевая вода
14,Средства гигиены,Мыло зубная паста туалетная бумага
15,Медикаменты,Лекарства и медицинские средства
