product_name,amount,best_before_date,purchased_date,location_id,price,note
Рис белый,5,2028-01-25,2026-01-25,4,,Базовый запас на месяц для 1 человека
Гречка,2,2027-01-25,2026-01-25,4,,Базовый запас
Овсянка,2,2027-01-25,2026-01-25,4,,Для завтраков
Макароны,3,2028-01-25,2026-01-25,1,,Быстрое приготовление
Мука пшеничная,2,2026-07-25,2026-01-25,5,,Требует ротации
Фасоль белая,1,2036-01-25,2026-01-25,6,,Долгосрочное хранение
Чечевица,1,2036-01-25,2026-01-25,6,,Долгосрочное хранение
Горох колотый,0.5,2036-01-25,2026-01-25,6,,Долгосрочное хранение
Консервы мясные тушенка,3,2029-01-25,2026-01-25,2,,Готовый белок примерно 6-8 банок
Консервы рыбные сардины,2,2028-01-25,2026-01-25,2,,Примерно 10 банок
Консервы рыбные скумбрия,1.5,2028-01-25,2026-01-25,2,,Примерно 7-8 банок
Консервы овощные кукуруза,1.5,2028-01-25,2026-01-25,3,,Примерно 3-4 банки
Консервы овощные горошек,1,2028-01-25,2026-01-25,3,,Примерно 2-3 банки
Консервы овощные томаты,2,2028-01-25,2026-01-25,3,,Для готовки
Томатная паста,1,2027-01-25,2026-01-25,3,,2-3 тубы
Масло подсолнечное,1,2027-01-25,2026-01-25,1,,1 литр хранить в темноте
Сахар белый,2,2050-01-25,2026-01-25,5,,Не портится
Соль поваренная,0.5,2050-01-25,2026-01-25,5,,Не портится
Мед натуральный,1,2050-01-25,2026-01-25,1,,Практически вечный
Сухое молоко,1,2028-01-25,2026-01-25,1,,Закрытая упаковка
Чай черный,0.3,2027-01-25,2026-01-25,1,,На месяц
Кофе молотый,0.3,2027-01-25,2026-01-25,1,,Если пьете
Перец черный молотый,0.1,2027-01-25,2026-01-25,1,,Базовая специя
Лавровый лист,0.02,2027-01-25,2026-01-25,1,,Упаковка
Уксус 9%,0.5,2050-01-25,2026-01-25,1,,Литр
Сода пищевая,0.5,2050-01-25,2026-01-25,1,,Многофункциональна
Лимонная кислота,0.2,2050-01-25,2026-01-25,1,,Консервирование
Вода питьевая 5л,30,2027-01-25,2026-01-25,1,,6 бутылей на неделю для 1 человека минимум
